{
    "timestamp": "2025-10-27T13:24:35.732488",
    "task": "Task 1.4 - Advanced Ensemble Techniques",
    "dataset": {
        "total_samples": 1903,
        "train_samples": 1572,
        "test_samples": 571,
        "features": 64
    },
    "models": {
        "CatBoost": {
            "test_accuracy": 0.3345008756567426,
            "cv_accuracy": 0.4210876400870758
        },
        "LightGBM": {
            "test_accuracy": 0.329246935201401,
            "cv_accuracy": 0.4319277594130453
        },
        "XGBoost": {
            "test_accuracy": 0.329246935201401,
            "cv_accuracy": 0.43508828509231634
        },
        "Extra_Trees": {
            "test_accuracy": 0.3327495621716287,
            "cv_accuracy": 0.4287833588647908
        },
        "Random_Forest": {
            "test_accuracy": 0.3327495621716287,
            "cv_accuracy": 0.43636620172538904
        },
        "Logistic_Regression": {
            "test_accuracy": 0.3309982486865149,
            "cv_accuracy": 0.34032492138998627
        },
        "Voting_Ensemble": {
            "test_accuracy": 0.3397548161120841,
            "cv_accuracy": null
        },
        "Stacking_Ensemble": {
            "test_accuracy": 0.3327495621716287,
            "cv_accuracy": null
        }
    },
    "best_model": "Voting_Ensemble",
    "best_test_accuracy": 0.3397548161120841,
    "confusion_matrix": [
        [
            94,
            77,
            54
        ],
        [
            83,
            59,
            69
        ],
        [
            55,
            39,
            41
        ]
    ]
}