{
    "model_name": "Ensemble_Voting",
    "timestamp": "2025-10-25T10:31:53.520071",
    "best_params": {
        "members": [
            "Gradient_Boosting",
            "Decision_Tree",
            "Logistic_Regression"
        ]
    },
    "metrics": {
        "accuracy": 0.4146981627296588,
        "precision": 0.37661025130479386,
        "recall": 0.4146981627296588,
        "f1_score": 0.35208975882685256,
        "cv_score": 0.4003523152142652
    },
    "classification_report": {
        "0": {
            "precision": 0.41762452107279696,
            "recall": 0.7266666666666667,
            "f1-score": 0.5304136253041363,
            "support": 150.0
        },
        "1": {
            "precision": 0.41379310344827586,
            "recall": 0.3404255319148936,
            "f1-score": 0.3735408560311284,
            "support": 141.0
        },
        "2": {
            "precision": 0.25,
            "recall": 0.011111111111111112,
            "f1-score": 0.02127659574468085,
            "support": 90.0
        },
        "accuracy": 0.4146981627296588,
        "macro avg": {
            "precision": 0.36047254150702424,
            "recall": 0.3594011032308904,
            "f1-score": 0.30841035902664854,
            "support": 381.0
        },
        "weighted avg": {
            "precision": 0.37661025130479386,
            "recall": 0.4146981627296588,
            "f1-score": 0.35208975882685256,
            "support": 381.0
        }
    }
}