{
  "classification_report": {
    "High": {
      "precision": 0.9583333333333334,
      "recall": 0.8363636363636363,
      "f1-score": 0.8932038834951457,
      "support": 55.0
    },
    "Low": {
      "precision": 0.7590361445783133,
      "recall": 0.7777777777777778,
      "f1-score": 0.7682926829268293,
      "support": 81.0
    },
    "Medium": {
      "precision": 0.6527777777777778,
      "recall": 0.7014925373134329,
      "f1-score": 0.6762589928057554,
      "support": 67.0
    },
    "accuracy": 0.7684729064039408,
    "macro avg": {
      "precision": 0.7900490852298082,
      "recall": 0.7718779838182823,
      "f1-score": 0.7792518530759102,
      "support": 203.0
    },
    "weighted avg": {
      "precision": 0.7779624244102848,
      "recall": 0.7684729064039408,
      "f1-score": 0.7717599676221271,
      "support": 203.0
    }
  }
}